date,vix_index,credit_spread,yield_curve_slope,sp500_return,sp500_price,gdp_growth,unemployment_rate,is_crisis,crisis_severity,exposure_amount,collateral_value,cds_spread_x,total_assets,leverage_ratio,liquidity_ratio,roe,credit_rating,stock_price,cds_spread_y,amount,transaction_type,is_crisis_before_3m,crisis_severity_before_3m
2016-01-01,14.81,198.0,1.962,1.82,2036.39,2.26,5.76,0,0.25,2330071.2,1330453.55,94523.1,22905.7725,9.083,0.226388,0.09946680000000001,6.9568,90.48,179.0582,20315.39,collateral,0,2.0
2016-01-31,14.65,219.6,1.457,-0.4,2028.34,3.25,4.81,0,1.87,2272455.0,1311292.39,92593.7,22655.3505,9.070120000000001,0.225876,0.0993532,6.9642,91.22794,179.0636,21808.76,payment,0,2.0
2016-03-01,14.58,154.6,1.475,1.14,2051.57,2.93,5.09,0,1.67,2696526.98,1643394.82,91619.4,23290.5467,9.115219999999999,0.226518,0.0988168,6.9403999999999995,91.97528,183.00560000000002,23302.13,payment,0,2.0
2016-03-31,14.97,163.8,1.489,-0.09,2049.79,3.98,4.64,0,1.22,2536693.78,1493103.41,91066.7,23377.689080000004,9.02386,0.22604,0.09889679999999999,6.9876000000000005,92.73948,179.75039999999998,24795.5,repo,0,0.25
2016-04-30,15.11,150.8,1.505,0.95,2069.25,1.98,5.89,0,0.38,2031049.02,1289867.92,93061.1,23672.26882,9.056799999999999,0.226266,0.0991264,6.973,93.51994,182.4986,27201.7,derivative,0,1.87
2016-05-30,15.42,120.2,1.57,0.31,2075.7,3.7,5.57,0,0.27,2603931.74,1556472.29,89870.2,23449.141480000002,9.129620000000001,0.22477,0.100267,6.934,94.3517,184.3234,27258.968571428573,payment,0,1.67
2016-06-29,15.2,166.5,1.732,2.05,2118.25,2.66,4.03,0,1.76,2436507.52,1402477.26,93615.3,24063.01046,9.11348,0.22628,0.1005018,6.9414,95.17086,181.7202,27316.237142857142,payment,0,1.22
2016-07-29,15.22,216.7,1.317,0.72,2133.48,2.43,3.76,0,1.38,2405144.27,1333948.78,94434.4,23295.78282,9.00408,0.22595400000000002,0.0995618,6.9952,95.93932000000001,180.4292,27373.505714285715,payment,0,0.38
2016-08-28,15.48,151.4,1.262,0.3,2139.94,2.99,5.61,0,1.37,2549552.86,1642980.04,99140.0,24555.17774,9.05264,0.22598,0.0972094,6.9722,96.61458,180.3346,27430.774285714284,payment,0,0.27
2016-09-27,15.31,169.2,1.943,1.1,2163.58,2.02,5.24,0,1.39,2253221.49,1365868.22,94617.5,23651.09706,9.16286,0.22472,0.09820820000000001,6.9162,97.50682,182.8648,27488.042857142857,payment,0,1.76
2016-10-27,15.42,213.1,1.276,1.6,2198.29,2.15,5.42,0,1.42,2177163.26,1377443.32,91801.7,24386.13442,9.05806,0.226382,0.0987544,6.9704,98.393,179.6834,27545.311428571425,payment,0,1.38
2016-11-26,15.84,193.2,1.601,0.67,2212.97,3.27,4.58,0,1.22,2251135.89,1362699.94,96430.4,24532.5576,9.133280000000001,0.22479,0.0991306,6.9314,99.27717999999999,182.64939999999999,27602.579999999998,repo,0,1.37
2016-12-26,15.94,123.5,1.408,0.29,2219.31,2.21,5.76,0,1.18,2289392.15,1317579.3699999999,94274.6,24496.1452,9.076360000000001,0.22453800000000002,0.0980842,6.96,100.05302,181.2834,26319.65,payment,0,1.39
2017-01-25,16.1,173.1,1.355,0.3,2226.02,3.33,3.59,0,0.66,2389819.5,1468055.73,95784.0,24685.34616,9.06866,0.224268,0.0982172,6.964,100.9475,180.3208,21303.91,settlement,0,1.42
2017-02-24,16.0,215.0,1.803,0.25,2231.68,3.12,5.55,0,0.92,2077394.79,1270056.86,95495.3,24631.07876,9.048860000000001,0.225576,0.09938899999999999,6.9742,101.97988000000001,181.63920000000002,19974.01,settlement,0,1.22
2017-03-26,15.76,185.7,1.535,-0.94,2210.64,2.84,4.45,0,0.16,2513155.63,1516380.54,89382.7,25915.65396,9.09084,0.225302,0.1020778,6.9538,103.21644,182.04479999999998,21763.379999999997,payment,0,1.18
2017-04-25,15.62,215.2,1.728,0.64,2224.77,3.51,3.96,0,1.51,2912583.78,1669744.9,97256.9,26396.09114,9.071,0.225616,0.0998164,6.9642,103.86768,181.90820000000002,23552.75,payment,0,0.66
2017-05-25,15.8,192.2,1.348,-2.48,2169.68,2.74,4.89,0,1.64,2267517.7399999998,1372406.33,96594.5,25748.65154,9.12354,0.22461799999999998,0.09918940000000001,6.9386,104.72134,180.15439999999998,25342.12,repo,0,0.92
2017-06-24,16.13,182.9,1.443,-0.61,2156.47,2.97,4.27,0,0.28,2163749.2,1254485.67,92744.8,26301.832260000003,9.06972,0.226124,0.09760920000000001,6.964600000000001,105.43360000000001,179.52020000000002,25084.5,payment,0,0.16
2017-07-24,16.21,121.9,1.557,3.26,2226.88,3.92,4.69,0,0.17,2593325.3,1533918.77,93385.7,25969.2792,9.14262,0.224464,0.0991756,6.929600000000001,106.64136,182.49939999999998,24826.88,collateral,0,1.51
2017-08-23,16.06,161.5,1.595,-0.94,2205.86,2.59,5.35,0,0.54,1819791.42,1096533.01,91371.9,26324.35178,9.05668,0.22574,0.1004306,6.9684,107.85419999999999,181.4564,20372.61,payment,0,1.64
2017-09-22,15.9,123.0,-0.297,-0.41,2196.92,2.49,5.81,0,0.9,2384865.62,1482755.91,97211.1,27833.56084,9.00944,0.225356,0.100573,6.9932,108.92766,177.5072,21062.974000000002,payment,0,0.28
2017-10-22,16.06,124.6,-0.023,-0.86,2178.1,2.64,4.25,0,0.26,2985836.72,1757669.07,97396.6,27210.74346,9.072239999999999,0.224472,0.0988752,6.9622,109.66016,180.8176,21753.338,payment,0,0.17
2017-11-21,16.29,216.8,-0.207,0.73,2193.95,1.98,3.67,0,1.44,2523094.85,1509704.46,94058.0,27355.87388,9.05686,0.225594,0.101875,6.9706,111.20268,182.0254,22443.702,payment,0,0.54
2017-12-21,16.53,220.7,-0.084,-0.75,2177.44,3.14,4.47,0,0.69,2460877.47,1483785.3699999999,94187.0,27676.34498,9.07202,0.22511599999999998,0.1002802,6.9622,111.9273,182.7748,23134.066,payment,0,0.9
2018-01-20,17.56,305.8,0.828,-0.5,2166.57,-3.74,10.0,1,6.75,1139732.3499999999,671784.05,88536.5,28440.79262,21.382060000000003,0.075196,-0.09855119999999999,1.496,61.5216,1283.5282,23824.43,repo,0,0.26
2018-02-19,18.76,317.4,0.762,3.84,2249.72,-2.82,11.64,1,7.35,1282718.73,796851.9,86259.9,28378.29736,21.392220000000002,0.075424,-0.1000746,1.5018,60.911699999999996,1285.5976,27413.605,payment,0,1.44
2018-03-21,19.89,548.2,0.942,-3.61,2168.39,-2.31,11.61,1,7.95,1543964.08,979632.85,88187.2,27958.49256,21.41028,0.07483799999999999,-0.1005252,1.4742,60.422019999999996,1283.838,31002.78,payment,0,0.69
2018-04-20,21.31,460.8,0.071,-6.52,2027.04,-2.58,7.06,1,8.55,1696165.02,980526.81,84874.5,29631.2469,21.378040000000002,0.076078,-0.0992634,1.4858,60.171620000000004,1281.4408,21830.88,repo,1,6.75
2018-05-20,22.74,560.8,0.949,-1.25,2001.73,-2.14,7.1,1,9.15,1422315.15,851833.55,83500.9,28096.992739999998,21.41236,0.07541800000000001,-0.10057479999999999,1.4914,59.6028,1284.6201999999998,26922.12,repo,1,7.35
2018-06-19,23.75,579.5,0.332,-2.4,1953.61,-2.95,8.01,1,9.75,1428538.32,826565.5599999999,83953.8,28255.98936,21.383779999999998,0.075554,-0.0999002,1.4788,59.25192,1284.0228,26222.1,payment,1,7.95
2018-07-19,25.55,527.7,0.204,-3.61,1883.13,-1.59,11.64,1,9.65,1517823.3599999999,907429.16,86368.0,29451.756,21.41668,0.075256,-0.0987972,1.4754,59.112480000000005,1286.3748,25522.08,payment,1,8.55
2018-08-18,26.26,332.8,0.689,1.57,1912.68,-2.04,9.73,1,9.05,1926692.48,1173630.53,79088.2,26942.59822,21.453979999999998,0.074812,-0.0994338,1.472,58.62296,1288.3946,24705.370000000003,payment,1,9.15
2018-09-17,27.8,578.0,0.801,-3.12,1853.0,-0.29,11.07,1,8.45,1514826.29,919308.04,85922.7,27619.799199999998,21.515700000000002,0.07514,-0.0996752,1.4526,58.1779,1290.6468,23888.66,collateral,1,9.75
2018-10-17,28.68,476.6,0.778,1.82,1886.7,-1.02,9.61,1,7.85,1315957.17,769147.75,85364.2,29102.0665,21.40646,0.075002,-0.0995776,1.4902,57.843779999999995,1283.7588,23897.645,payment,1,9.65
2018-11-16,29.39,389.1,0.215,3.01,1943.48,-3.48,11.63,1,7.25,1533939.77,1016632.58,82722.2,28898.66932,21.45524,0.075328,-0.0988034,1.4742,57.619620000000005,1287.657,23906.63,settlement,1,9.05
2018-12-16,30.87,572.8,0.701,-0.54,1932.9,-3.54,7.26,1,6.65,1205155.64,689164.53,85793.6,30077.25068,21.456619999999997,0.07565999999999999,-0.0995292,1.474,57.13106,1286.6426000000001,23788.46,payment,1,8.45
2019-01-15,30.36,152.4,1.773,-2.06,1892.99,3.83,5.19,0,0.95,2676037.35,1623820.99,97051.6,27664.25954,9.058159999999999,0.22678,0.0988942,6.9678,126.87324000000001,180.997,23670.29,payment,1,7.85
2019-02-14,29.99,221.9,1.015,-1.41,1866.23,3.51,4.36,0,0.68,2733084.89,1757956.88,93154.4,29996.14834,9.0645,0.225364,0.09956999999999999,6.9662,128.28578,179.7176,23552.120000000003,payment,1,7.25
2019-03-16,29.39,199.9,1.373,0.37,1873.07,3.34,4.22,0,1.08,2653168.69,1533370.18,92785.5,29764.493039999998,9.098559999999999,0.225126,0.0985964,6.9483999999999995,129.15938,182.6346,23433.95,payment,1,6.65
2019-04-15,28.97,182.0,1.229,0.7,1886.24,3.68,5.27,0,1.35,2672024.39,1627008.3399999999,92546.6,30823.016620000002,9.084700000000002,0.224686,0.0990752,6.9546,130.49182000000002,180.49439999999998,23315.78,payment,0,0.95
2019-05-15,28.17,185.1,1.609,-0.2,1882.51,1.69,5.16,0,1.12,1852071.85,1113658.24,90992.1,30476.43324,9.10776,0.22625,0.0987102,6.9448,131.85592000000003,182.2234,23197.61,payment,0,0.68
2019-06-14,27.44,165.1,1.445,-0.36,1875.79,1.96,5.34,0,0.44,2474825.74,1490916.41,89803.9,29943.42186,9.06238,0.22601400000000002,0.0991482,6.9702,133.54622,182.765,23079.440000000002,payment,0,1.08
2019-07-14,26.58,155.4,1.201,-1.47,1848.17,3.8,4.27,0,0.48,2215078.78,1290630.65,94220.5,31108.03178,9.0291,0.226566,0.09987520000000001,6.984,134.88182,181.9154,22961.27,payment,0,1.35
2019-08-13,26.38,212.5,1.479,-0.75,1834.33,3.61,3.73,0,0.23,2995959.37,1837718.51,98494.4,30915.8579,9.10528,0.226752,0.0995034,6.945,136.40735999999998,180.1894,19077.53,payment,0,1.12
2019-09-12,26.04,159.5,1.089,1.3,1858.19,1.84,4.7,0,1.18,2202542.83,1316106.13,94251.7,30875.15044,9.09342,0.224822,0.0978512,6.953,136.97262,180.45020000000002,26353.24,payment,0,0.44
2019-10-12,25.87,166.4,0.066,1.62,1888.21,3.92,4.86,0,0.62,2552540.19,1471424.87,96755.0,30079.91414,9.08682,0.223428,0.1000064,6.9563999999999995,139.77573999999998,184.0214,25131.620000000003,payment,0,0.48
2019-11-11,25.46,189.8,0.079,1.38,1914.26,2.54,5.26,0,1.38,2565670.42,1556793.23,94856.1,31662.735539999998,9.09588,0.226072,0.09891219999999999,6.952,140.26566,178.46020000000001,23910.0,payment,0,0.23
2019-12-11,24.71,173.0,-0.235,1.02,1933.77,3.45,5.35,0,0.96,2238562.38,1391787.13,92248.4,32035.14658,9.01584,0.224776,0.0995414,6.9908,141.97906,180.9178,22688.38,collateral,0,1.18
